{"cameraMode":{"drawMode":0,"name":"Shaded","section":"Shading Mode"},"sceneLighting":true,"audioPlay":false,"sceneViewState":{"showFog":true,"showMaterialUpdate":true,"showSkybox":true,"showFlares":true,"showImageEffects":true,"showParticleSystems":true},"in2DMode":false,"pivot":{"x":18.75571060180664,"y":-16.350000381469728,"z":-4.9120893478393559},"rotation":{"x":0.18723143637180329,"y":-0.5044519901275635,"z":0.11307608336210251,"w":0.8352813124656677},"size":3.462644100189209,"orthographic":false}